i	id	ts	lang	country	outlet	headline	url
0	21042739	2026-09-13T15:17	en	IR	middleeasteye.net	Trump reiterates that he sees Iran war ending after US midterm elections	https://www.middleeasteye.net/live-blog/live-blog-update/trump-reiterates-he-sees-iran-war-ending-after-us-midterm-elections
1	21002344	2026-09-12T23:15	en	IR	dominicanrepublicpost.com	Bahrain says it will not participate in Iran's proposed Hormuz meeting  - Dominican Republic Post – Caribbean News, Business, Travel & Culture	https://dominicanrepublicpost.com/bahrain-says-it-will-not-participate-in-irans-proposed-hormuz-meeting/
2	21000233	2026-09-12T22:01	en	IR	royanews.tv	اليوم الـ198 للحرب الأمريكية الإيرانية.. انفجارات في قشم وحصار أمريكي يمنع 100 سفينة من العبور إلى موانئ طهران	https://royanews.tv/news/394758
3	20999553	2026-09-12T21:49	ar	SA	arabic.rt.com	ضبط منصة صواريخ في العراق على خلفية هجمات استهدفت السعودية	https://arabic.rt.com/middle_east/1832260-%D8%B6%D8%A8%D8%B7-%D9%85%D9%86%D8%B5%D8%A9-%D8%B5%D9%88%D8%A7%D8%B1%D9%8A%D8%AE-%D9%81%D9%8A-%D8%A7%D9%84%D8%B9%D8%B1%D8%A7%D9%82-%D8%B9%D9%84%D9%89-%D8%AE%D9%84%D9%81%D9%8A%D8%A9-%D9%87%D8%AC%D9%85%D8%A7%D8%AA-%D8%A7%D8%B3%D8%AA%D9%87%D8%AF%D9%81%D8%AA-%D8%A7%D9%84%D8%B3%D8%B9%D9%88%D8%AF%D9%8A%D8%A9/
4	20995557	2026-09-12T20:45	en	IR	aljazeera.com	Bahrain says it will not participate in Iran's proposed Hormuz meeting | US-Israel war on Iran News	https://www.aljazeera.com/news/2026/9/12/bahrain-says-it-will-not-participate-in-irans-proposed-hormuz-meeting
5	20992200	2026-09-12T19:34	en	IR	aljazeera.com	Bahrain says it will not participate in Iran’s proposed Hormuz meeting	https://www.aljazeera.com/news/2026/9/12/bahrain-says-it-will-not-participate-in-irans-proposed-hormuz-meeting?traffic_source=rss
6	20991685	2026-09-12T19:30	en	IR	whbl.com	Iran-Oman understanding does not provide for immediate reopening of Strait of Hormuz, Tasnim reports	https://whbl.com/2026/09/12/iran-oman-understanding-does-not-provide-for-immediate-reopening-of-strait-of-hormuz-tasnim-reports/
7	20987232	2026-09-12T17:45	ar	IR	arabic.rt.com	مصدر إيراني يكشف تفاصيل التفاهم مع عُمان.. 7 شروط مقابل فتح مضيق هرمز	https://arabic.rt.com/middle_east/1831957-%D9%85%D8%B5%D8%AF%D8%B1-%D8%A5%D9%8A%D8%B1%D8%A7%D9%86%D9%8A-%D9%8A%D9%83%D8%B4%D9%81-%D8%AA%D9%81%D8%A7%D8%B5%D9%8A%D9%84-%D8%A7%D9%84%D8%AA%D9%81%D8%A7%D9%87%D9%85-%D9%85%D8%B9-%D8%B9%D9%85%D8%A7%D9%86-7-%D8%B4%D8%B1%D9%88%D8%B7-%D9%84%D8%A3%D9%85%D8%B1%D9%8A%D9%83%D8%A7-%D9%85%D9%82%D8%A7%D8%A8%D9%84-%D9%81%D8%AA%D8%AD-%D9%85%D8%B6%D9%8A%D9%82-%D9%87%D8%B1%D9%85%D8%B2/
8	20984840	2026-09-12T17:15	en	IR	jpost.com	Iranian officials not expecting deal from Monday meeting with Oman, Gulf States	http://www.jpost.com/middle-east/iran-news/article-908421
9	20984701	2026-09-12T17:15	en	IR	en.apa.az	No signed Hormuz deal expected yet from Oman meeting on Monday, Iranian official says	https://en.apa.az/asia/no-signed-hormuz-deal-expected-yet-from-oman-meeting-on-monday-iranian-official-says-523998
10	20975191	2026-09-12T17:13	en	IR	jpost.com	No signed Hormuz deal expected yet from Oman, Gulf States meeting on Monday, Iranian official says	https://www.jpost.com/middle-east/iran-news/article-908421
11	20980710	2026-09-12T14:40	en	IR	freemalaysiatoday.com	Bahrain says won’t participate in Hormuz meeting with Iran	https://www.freemalaysiatoday.com/category/world/2026/09/12/bahrain-says-won-t-participate-in-hormuz-meeting-with-iran
12	20971675	2026-09-12T14:00	en	IR	2lt.com.au	IAEA accuses Iran of non-cooperation over nuclear activities	https://www.2lt.com.au/iaea-accuses-iran-of-non-cooperation-over-nuclear-activities/
13	20967559	2026-09-12T12:30	en	IR	aawsat.com	Trump Says Iran War Will End after US Midterm Elections	https://english.aawsat.com/world/5317414-trump-says-iran-war-will-end-after-us-midterm-elections
14	20966923	2026-09-12T11:25	en	SA	royanews.tv	تراجع أسعار الذهب في السعودية مع تزايد ضغوط التضخم الأمريكي وترقب أسعار الفائدة	https://royanews.tv/news/394701
15	20941658	2026-09-12T04:24	ar	IR	arabic.rt.com	"WSJ": أقمار الصين تقود صواريخ إيران لضرب قاعدة أمريكية بالأردن.. وسط نفي بكين	https://arabic.rt.com/world/1831774-%D8%B5%D9%88%D8%B1-%D8%B5%D9%8A%D9%86%D9%8A%D8%A9-%D9%85%D9%86-%D9%81%D9%88%D9%82-%D8%A7%D9%84%D8%A3%D8%B1%D8%AF%D9%86-%D8%AA%D9%88%D8%AC%D9%87-%D8%B5%D9%88%D8%A7%D8%B1%D9%8A%D8%AE-%D8%A5%D9%8A%D8%B1%D8%A7%D9%86-%D9%84%D9%82%D8%A7%D8%B9%D8%AF%D8%A9-%D8%A3%D9%85%D8%B1%D9%8A%D9%83%D9%8A%D8%A9-%D9%88%D8%A8%D9%83%D9%8A%D9%86-%D8%AA%D9%86%D9%81%D9%8A/
16	20930361	2026-09-12T00:00	en	IR	eurasiareview.com	IAEA Confirms Activity At Suspected Iranian Nuclear Site Pickaxe Mountain	https://www.eurasiareview.com/11092026-iaea-confirms-activity-at-suspected-iranian-nuclear-site-pickaxe-mountain/
17	20926134	2026-09-11T22:40	ar	RU	arabic.rt.com	بوتين: روسيا لا تهدد الدول الأوروبية	https://arabic.rt.com/features/1831756-%D8%A8%D9%88%D8%AA%D9%8A%D9%86-%D8%B1%D9%88%D8%B3%D9%8A%D8%A7-%D9%84%D8%A7-%D8%AA%D9%87%D8%AF%D8%AF-%D8%A7%D9%84%D8%AF%D9%88%D9%84-%D8%A7%D9%84%D8%A3%D9%88%D8%B1%D9%88%D8%A8%D9%8A%D8%A9/
18	20926915	2026-09-11T22:24	en	IR	royanews.tv	اليوم الـ197 للحرب الأمريكية الإيرانية.. مسقط تستضيف اجتماعا خليجيا لتأمين هرمز وهدوء حذر بين طهران وواشنطن	https://royanews.tv/news/394669
19	20926139	2026-09-11T22:12	ar	RU	arabic.rt.com	بوتين: روسيا لا تهدد أوروبا ولا تسعى لصراع معها	https://arabic.rt.com/world/1831745-%D8%A8%D9%88%D8%AA%D9%8A%D9%86-%D8%B1%D9%88%D8%B3%D9%8A%D8%A7-%D9%84%D8%A7-%D8%AA%D9%87%D8%AF%D8%AF-%D8%A3%D9%88%D8%B1%D9%88%D8%A8%D8%A7-%D9%88%D9%84%D8%A7-%D8%AA%D8%B3%D8%B9%D9%89-%D9%84%D8%B5%D8%B1%D8%A7%D8%B9-%D9%85%D8%B9%D9%87%D8%A7/
20	20921295	2026-09-11T21:30	en	IR	sott.net	Multiple U.S. military aircraft damaged in Iranian strikes on military base in Jordan	https://www.sott.net/article/508345-Multiple-US-military-aircraft-damaged-in-Iranian-strikes-on-military-base-in-Jordan
21	20923666	2026-09-11T21:00	ar	RU	arabic.rt.com	بوتين: الغرب رفض مطالبنا بشأن توسع الناتو ودفع أوروبا نحو الحرب	https://arabic.rt.com/world/1831703-%D8%A8%D9%88%D8%AA%D9%8A%D9%86-%D8%A7%D9%84%D8%BA%D8%B1%D8%A8-%D8%B1%D9%81%D8%B6-%D9%85%D8%B7%D8%A7%D9%84%D8%A8%D9%86%D8%A7-%D8%A8%D8%B4%D8%A3%D9%86-%D8%AA%D9%88%D8%B3%D8%B9-%D8%A7%D9%84%D9%86%D8%A7%D8%AA%D9%88-%D9%88%D8%AF%D9%81%D8%B9-%D8%A3%D9%88%D8%B1%D9%88%D8%A8%D8%A7-%D9%86%D8%AD%D9%88-%D8%A7%D9%84%D8%AD%D8%B1%D8%A8/
22	20916062	2026-09-11T19:29	ar	RU	arabic.rt.com	تحذير روسي لليتوانيا: أي خطوة نحو الأسلحة النووية ستقابل برد ولن يدافع عنكم أحد	https://arabic.rt.com/world/1831358-%D8%AA%D8%AD%D8%B0%D9%8A%D8%B1-%D8%B1%D9%88%D8%B3%D9%8A-%D9%84%D9%84%D9%8A%D8%AA%D9%88%D8%A7%D9%86%D9%8A%D8%A7-%D8%A3%D9%8A-%D8%AE%D8%B7%D9%88%D8%A9-%D9%86%D8%AD%D9%88-%D8%A7%D9%84%D8%A3%D8%B3%D9%84%D8%AD%D8%A9-%D8%A7%D9%84%D9%86%D9%88%D9%88%D9%8A%D8%A9-%D8%B3%D8%AA%D9%82%D8%A7%D8%A8%D9%84-%D8%A8%D8%B1%D8%AF-%D9%88%D9%84%D9%86-%D9%8A%D8%AF%D8%A7%D9%81%D8%B9-%D8%B9%D9%86%D9%83%D9%85-%D8%A3%D8%AD%D8%AF/
23	20916065	2026-09-11T19:28	ar	RU	arabic.rt.com	مدفيديف محذرا ليتوانيا: لن يدافع عنكم أحد في حال الرد الروسي	https://arabic.rt.com/world/1831376-%D9%85%D8%AF%D9%81%D9%8A%D8%AF%D9%8A%D9%81-%D9%85%D8%AD%D8%B0%D8%B1%D8%A7-%D9%84%D9%8A%D8%AA%D9%88%D8%A7%D9%86%D9%8A%D8%A7-%D9%84%D9%86-%D9%8A%D8%AF%D8%A7%D9%81%D8%B9-%D8%B9%D9%86%D9%83%D9%85-%D8%A3%D8%AD%D8%AF-%D9%81%D9%8A-%D8%AD%D8%A7%D9%84-%D8%A7%D9%84%D8%B1%D8%AF-%D8%A7%D9%84%D8%B1%D9%88%D8%B3%D9%8A/
24	20908606	2026-09-11T17:42	sk	SK	aktuality.sk	EÚ schválila 6,1 miliardy eur pre Ukrajinu. Peniaze pôjdu aj na rakety pre Patriot	https://www.aktuality.sk/clanok/PKxTqJs/eu-schvalila-61-miliardy-eur-pre-ukrajinu-peniaze-pojdu-aj-na-rakety-pre-patriot/
25	20903964	2026-09-11T16:54	ar	IR	arabic.rt.com	إيران ودول الخليج تبحث الملاحة في مضيق هرمز الاثنين المقبل	https://arabic.rt.com/world/1831292-%D8%A5%D9%8A%D8%B1%D8%A7%D9%86-%D9%88%D8%AF%D9%88%D9%84-%D8%A7%D9%84%D8%AE%D9%84%D9%8A%D8%AC-%D8%AA%D8%A8%D8%AD%D8%AB-%D8%A7%D9%84%D9%85%D9%84%D8%A7%D8%AD%D8%A9-%D9%81%D9%8A-%D9%85%D8%B6%D9%8A%D9%82-%D9%87%D8%B1%D9%85%D8%B2-%D8%A7%D9%84%D8%A7%D8%AB%D9%86%D9%8A%D9%86-%D8%A7%D9%84%D9%85%D9%82%D8%A8%D9%84/
26	20904370	2026-09-11T16:43	ar	IR	dw.com	جبل الفأس في إيران.. لغز نووي تحت الأرض يثير مخاوف الغرب	https://www.dw.com/ar/جبل-الفأس-في-إيران-لغز-نووي-تحت-الأرض-يثير-مخاوف-الغرب/a-79238423?maca=ara-rss-ar-all-1125-xml-mrss
27	20898889	2026-09-11T16:15	en	KP	kashmirlife.net	North Korea Builds New Uranium Enrichment Facility, IAEA Raises Concern	https://kashmirlife.net/north-korea-builds-new-uranium-enrichment-facility-iaea-raises-concern-451319/
28	20900975	2026-09-11T16:03	en	IR	royanews.tv	إيران تعلن عن محادثات مع دول الخليج في سلطنة عُمان الاثنين بشأن مضيق هرمز	https://royanews.tv/news/394651
29	20896061	2026-09-11T15:04	es	ES	elmundo.es	Irán reconoce estar en una fase "crítica y peligrosa" por la presión de EEUU	https://www.elmundo.es/internacional/2026/09/11/6aa41439e85eceaa1f8b45a2.html
30	20889998	2026-09-11T13:44	en	MK	mia.mk	Бројот на загинати во пожарот на траектот на Филипините се зголеми на 35	https://mia.mk/story/%D0%B1%D1%80%D0%BE%D1%98%D0%BE%D1%82-%D0%BD%D0%B0-%D0%B7%D0%B0%D0%B3%D0%B8%D0%BD%D0%B0%D1%82%D0%B8-%D0%B2%D0%BE-%D0%BF%D0%BE%D0%B6%D0%B0%D1%80%D0%BE%D1%82-%D0%BD%D0%B0-%D1%82%D1%80%D0%B0%D0%B5%D0%BA%D1%82%D0%BE%D1%82-%D0%BD%D0%B0-%D1%84%D0%B8%D0%BB%D0%B8%D0%BF%D0%B8%D0%BD%D0%B8%D1%82%D0%B5-%D1%81%D0%B5-%D0%B7%D0%B3%D0%BE%D0%BB%D0%B5%D0%BC%D0%B8-%D0%BD%D0%B0-35
31	20889863	2026-09-11T12:51	en	IR	royanews.tv	سيول وطهران تناقشان ملف مضيق هرمز وسط تحذيرات إيرانية من أي انتشار عسكري	https://royanews.tv/news/394636
32	20885725	2026-09-11T12:45	en	IR	airforcetimes.com	Iran attack on base in Jordan damaged American military aircraft, US official says	https://www.airforcetimes.com/news/your-air-force/2026/09/10/iran-attack-on-base-in-jordan-damaged-american-military-aircraft-us-official-says/
33	20881224	2026-09-11T11:33	fa	IR	irna.ir	ممنوعیت تردد کرج و آزادراه تهران -شمال به سمت مازندران	https://www.irna.ir/news/86260959/%D9%85%D9%85%D9%86%D9%88%D8%B9%DB%8C%D8%AA-%D8%AA%D8%B1%D8%AF%D8%AF-%DA%A9%D8%B1%D8%AC-%D9%88-%D8%A2%D8%B2%D8%A7%D8%AF%D8%B1%D8%A7%D9%87-%D8%AA%D9%87%D8%B1%D8%A7%D9%86-%D8%B4%D9%85%D8%A7%D9%84-%D8%A8%D9%87-%D8%B3%D9%85%D8%AA-%D9%85%D8%A7%D8%B2%D9%86%D8%AF%D8%B1%D8%A7%D9%86
34	20875795	2026-09-11T11:00	en	IR	globalsecurity.org	Iranian Strikes Damage US Aircraft at Key Air Base in Jordan	https://www.globalsecurity.org/wmd/library/news/iran/2026/09/iran-260910-sputnik02.htm
35	20876756	2026-09-11T11:00	en	IR	globalsecurity.org	UN Nuclear Watchdog Refers Iran To Security Council	https://www.globalsecurity.org/wmd/library/news/iran/2026/09/iran-260909-rferl03.htm
36	20876712	2026-09-11T11:00	en	IR	myanmarnews.net	Oil breaches $100 as US-Iran attacks threaten global supplies	http://www.myanmarnews.net/news/279296755/oil-breaches-usd100-as-us-iran-attacks-threaten-global-supplies
37	20876595	2026-09-11T11:00	en	IR	globalsecurity.org	Trump: Iran War Will End 'Immediately' After US Midterm Elections	https://www.globalsecurity.org/wmd/library/news/iran/2026/09/iran-260909-rferl02.htm
38	20876381	2026-09-11T11:00	en	IR	okaz.com.sa	إيران وباكستان تبحثان خفض التصعيد.. وفانس يحذر من استنزاف الترسانة الأمريكية	https://www.okaz.com.sa/politics/na/2265464
39	20876264	2026-09-11T11:00	en	IR	globalsecurity.org	Reports: US Military Aircraft Damaged In Iranian Strikes On Base In Jordan	https://www.globalsecurity.org/wmd/library/news/iran/2026/09/iran-260910-rferl03.htm
40	20876251	2026-09-11T11:00	en	IR	globalsecurity.org	Iran condemns US sanctions on 27 Iranian airlines as 'economic terrorism'	https://www.globalsecurity.org/wmd/library/news/iran/2026/09/iran-260910-irna01.htm
41	20876002	2026-09-11T11:00	en	IR	okaz.com.sa	بعقوبات جديدة.. أمريكا تطارد شرايين تمويل حلفاء إيران	https://www.okaz.com.sa/politics/na/2265466
42	20872734	2026-09-11T10:30	en	IR	shafaqna.com	Iran slams US sanctions on 27 Iranian airlines as 'economic terrorism' – Shafaqna English	https://en.shafaqna.com/476441/iran-slams-us-sanctions-on-27-iranian-airlines-as-economic-terrorism/
43	20871256	2026-09-11T09:33	ar	IR	skynewsarabia.com	بقيادة "شهلائي".. إيران طلبت من الحوثيين التصعيد ضد السعودية	https://www.skynewsarabia.com/middle-east/1891385-%D8%A8%D9%82%D9%8A%D8%A7%D8%AF%D8%A9-%D8%B4%D9%87%D9%84%D8%A7%D8%A6%D9%8A-%D8%A5%D9%8A%D8%B1%D8%A7%D9%86-%D8%B7%D9%84%D8%A8%D8%AA-%D8%A7%D9%84%D8%AD%D9%88%D8%AB%D9%8A%D9%8A%D9%86-%D8%A7%D9%84%D8%AA%D8%B5%D8%B9%D9%8A%D8%AF-%D8%B6%D8%AF-%D8%A7%D9%84%D8%B3%D8%B9%D9%88%D8%AF%D9%8A%D8%A9
44	20867860	2026-09-11T08:45	en	IR	aawsat.com	IAEA Confirms Activity at Iran's Pickaxe Mountain	https://english.aawsat.com/world/5317025-iaea-confirms-activity-iran%E2%80%99s-pickaxe-mountain
45	20864760	2026-09-11T08:15	en	IR	khaama.com	Trump Says US Controls Strait of Hormuz, Warns Washington Is Ready for New Iran Strikes	https://www.khaama.com/trump-says-us-controls-strait-of-hormuz-warns-washington-is-ready-for-new-iran-strikes/
46	20859093	2026-09-11T06:10	en	MK	mia.mk	Израелската армија соопшти дека уништила подземна инфраструктура на Хезболах во јужен Либан	https://mia.mk/story/%D0%B8%D0%B7%D1%80%D0%B0%D0%B5%D0%BB%D1%81%D0%BA%D0%B0%D1%82%D0%B0-%D0%B0%D1%80%D0%BC%D0%B8%D1%98%D0%B0-%D1%81%D0%BE%D0%BE%D0%BF%D1%88%D1%82%D0%B8-%D0%B4%D0%B5%D0%BA%D0%B0-%D1%83%D0%BD%D0%B8%D1%88%D1%82%D0%B8%D0%BB%D0%B0-%D0%BF%D0%BE%D0%B4%D0%B7%D0%B5%D0%BC%D0%BD%D0%B0-%D0%B8%D0%BD%D1%84%D1%80%D0%B0%D1%81%D1%82%D1%80%D1%83%D0%BA%D1%82%D1%83%D1%80%D0%B0-%D0%BD%D0%B0-%D1%85%D0%B5%D0%B7%D0%B1%D0%BE%D0%BB%D0%B0%D1%85-%D0%B2%D0%BE-%D1%98%D1%83%D0%B6%D0%B5%D0%BD-%D0%BB%D0%B8%D0%B1%D0%B0%D0%BD
47	20858368	2026-09-11T05:55	fa	IR	irna.ir	ترافیک سنگین در جاده چالوس و آزادراه تهران-شمال/ مه‌گرفتگی در ارتفاعات محورهای شمالی	https://www.irna.ir/news/86260779/%D8%AA%D8%B1%D8%A7%D9%81%DB%8C%DA%A9-%D8%B3%D9%86%DA%AF%DB%8C%D9%86-%D8%AF%D8%B1-%D8%AC%D8%A7%D8%AF%D9%87-%DA%86%D8%A7%D9%84%D9%88%D8%B3-%D9%88-%D8%A2%D8%B2%D8%A7%D8%AF%D8%B1%D8%A7%D9%87-%D8%AA%D9%87%D8%B1%D8%A7%D9%86-%D8%B4%D9%85%D8%A7%D9%84-%D9%85%D9%87-%DA%AF%D8%B1%D9%81%D8%AA%DA%AF%DB%8C-%D8%AF%D8%B1
48	20856155	2026-09-11T05:45	en	IR	dailyadvertiser.com.au	Iran attack on Jordan base damaged US military aircraft	https://www.dailyadvertiser.com.au/story/9348124/iran-attack-on-jordan-base-damaged-us-military-aircraft/
49	20857205	2026-09-11T05:36	uk	US	pravda.com.ua	У Литві повідомили про затримки з постачанням систем HIMARS від США	https://www.pravda.com.ua/news/2026/09/11/8052904/
50	20856762	2026-09-11T05:21	ar	IR	skynewsarabia.com	بعقوبات جديدة.. أميركا تلاحق شبكات حلفاء إيران	https://www.skynewsarabia.com/world/1891320-%D8%A8%D8%B9%D9%82%D9%88%D8%A8%D8%A7%D8%AA-%D8%AC%D8%AF%D9%8A%D8%AF%D8%A9-%D8%A3%D9%85%D9%8A%D8%B1%D9%83%D8%A7-%D8%AA%D9%84%D8%A7%D8%AD%D9%82-%D8%B4%D8%A8%D9%83%D8%A7%D8%AA-%D8%AD%D9%84%D9%81%D8%A7%D8%A1-%D8%A5%D9%8A%D8%B1%D8%A7%D9%86
51	20853383	2026-09-11T05:15	en	IR	aero-news.net	Multiple U.S. Military Aircraft Damaged In Iranian Strikes On Jordan Base	https://aero-news.net:443/index.cfm?do=main.textpost&id=FDA2A7DE-AA4F-4763-B388-FE0FD543D042
52	20852565	2026-09-11T05:00	en	IR	airforcetimes.com	Iran and US hit tankers in biggest wave of attacks on shipping since war began	https://www.airforcetimes.com/news/your-air-force/2026/09/09/iran-and-us-hit-tankers-in-biggest-wave-of-attacks-on-shipping-since-war-began/
53	20852742	2026-09-11T05:00	en	IR	orissapost.com	Iran war to end after midterm polls: Trump	https://www.orissapost.com/iran-war-to-end-after-midterm-polls-trump/
54	20846296	2026-09-11T03:15	en	IR	russiaherald.com	US Military Aircraft Damaged In Iranian Strikes On Base In Jordan	http://www.russiaherald.com/news/279299404/us-military-aircraft-damaged-in-iranian-strikes-on-base-in-jordan
55	20845313	2026-09-11T03:00	en	IR	israelnationalnews.com	US official confirms: Iranian attack damaged US warplanes at Jordan air base	https://www.israelnationalnews.com/news/433043
56	20846330	2026-09-11T02:51	en	IR	middleeasteye.net	Iranian strikes damaged multiple aircraft at Jordan base, report says	https://www.middleeasteye.net/live-blog/live-blog-update/iranian-strikes-damaged-multiple-aircraft-jordan-base-report-says
57	20846377	2026-09-11T02:50	ar	IR	france24.com	أضرار بطائرات أمريكية في الأردن وترامب يهدد بقصف موقع نووي إيراني	https://www.france24.com/ar/%D8%A7%D9%84%D8%B4%D8%B1%D9%82-%D8%A7%D9%84%D8%A3%D9%88%D8%B3%D8%B7/20260911-%D8%A5%D9%8A%D8%B1%D8%A7%D9%86-%D8%A7%D9%84%D9%88%D9%84%D8%A7%D9%8A%D8%A7%D8%AA-%D8%A7%D9%84%D9%85%D8%AA%D8%AD%D8%AF%D8%A9-%D8%A5%D8%B3%D8%B1%D8%A7%D8%A6%D9%8A%D9%84-%D8%A7%D9%84%D8%A3%D8%B1%D8%AF%D9%86-%D9%84%D8%A8%D9%86%D8%A7%D9%86-%D8%AA%D9%84%D8%A9-%D8%B9%D9%84%D9%8A-%D8%A7%D9%84%D8%B7%D8%A7%D9%87%D8%B1-%D8%A7%D9%84%D9%86%D9%88%D9%88%D9%8A-%D8%AA%D8%B1%D8%A7%D9%85%D8%A8
58	20843828	2026-09-11T02:30	en	JO	israelnationalnews.com	US official confirms: Iranian attack damaged US warplanes at Jordan air base	https://www.israelnationalnews.com/flashes/693387
59	20843445	2026-09-11T02:15	en	IR	okaz.com.sa	ترمب: إيران في مأزق.. ونظامها «المجنون» كان سيستخدم «السلاح النووي»	https://www.okaz.com.sa/politics/na/2265436
60	20839372	2026-09-11T00:51	ar	IR	arabic.rt.com	واشنطن تفرض عقوبات جديدة على شبكات تدعم "حزب الله" وحلفاء إيران	https://arabic.rt.com/business/1830949-%D9%88%D8%A7%D8%B4%D9%86%D8%B7%D9%86-%D8%AA%D9%81%D8%B1%D8%B6-%D8%B9%D9%82%D9%88%D8%A8%D8%A7%D8%AA-%D8%AC%D8%AF%D9%8A%D8%AF%D8%A9-%D8%B9%D9%84%D9%89-%D8%B4%D8%A8%D9%83%D8%A7%D8%AA-%D8%AA%D8%AF%D8%B9%D9%85-%D8%AD%D8%B2%D8%A8-%D8%A7%D9%84%D9%84%D9%87-%D9%88%D8%AD%D9%84%D9%81%D8%A7%D8%A1-%D8%A5%D9%8A%D8%B1%D8%A7%D9%86/
61	20833222	2026-09-10T23:15	en	JO	zerohedge.com	Several US Warplanes Damaged In This Week's Iranian Attack On Base In Jordan: Report	https://www.zerohedge.com/geopolitical/several-us-warplanes-damaged-weeks-iranian-attack-base-jordan-report
62	20834464	2026-09-10T23:06	en	IR	lemmy/world_news@lemmy.world	Several US Warplanes Damaged In Iranian Strike On Jordan: Report	https://lemmy.world/post/51774549
63	20832426	2026-09-10T23:00	en	IR	islamicinvitationturkey.com	Advisers Warned Trump the Iran War Could Continue Through End of His Term: WSJ	https://www.islamicinvitationturkey.com/advisers-warned-trump-the-iran-war-could-continue-through-end-of-his-term-wsj/
64	20831593	2026-09-10T22:26	en	IR	royanews.tv	اليوم الـ196 للحرب الأمريكية الإيرانية.. ترمب يعلن السيطرة على هرمز وطهران والاحتلال يواصل قصف لبنان	https://royanews.tv/news/394591
65	20823887	2026-09-10T21:30	en	IR	thefrontierpost.com	Iran claims it struck US unmanned surveillance vessel in Strait of Hormuz	https://thefrontierpost.com/iran-claims-it-struck-us-unmanned-surveillance-vessel-in-strait-of-hormuz/
66	20824159	2026-09-10T21:30	en	IR	morningstaronline.co.uk	Nuclear watchdog reports Iran to the UN security council	https://morningstaronline.co.uk/article/un-nuclear-watchdog-reports-iran-un-security-council
67	20822106	2026-09-10T20:13	ar	RU	arabic.rt.com	لندن: لسنا في حالة حرب مع روسيا	https://arabic.rt.com/features/1830901-%D9%84%D9%86%D8%AF%D9%86-%D9%84%D8%B3%D9%86%D8%A7-%D9%81%D9%8A-%D8%AD%D8%A7%D9%84%D8%A9-%D8%AD%D8%B1%D8%A8-%D9%85%D8%B9-%D8%B1%D9%88%D8%B3%D9%8A%D8%A7/
68	20821973	2026-09-10T19:51	en	MK	mia.mk	Бројот на жртви во пожарот во училиштето во ДР Конго се зголеми на 24	https://mia.mk/story/%D0%B1%D1%80%D0%BE%D1%98%D0%BE%D1%82-%D0%BD%D0%B0-%D0%B6%D1%80%D1%82%D0%B2%D0%B8-%D0%B2%D0%BE-%D0%BF%D0%BE%D0%B6%D0%B0%D1%80%D0%BE%D1%82-%D0%B2%D0%BE-%D1%83%D1%87%D0%B8%D0%BB%D0%B8%D1%88%D1%82%D0%B5%D1%82%D0%BE-%D0%B2%D0%BE-%D0%B4%D1%80-%D0%BA%D0%BE%D0%BD%D0%B3%D0%BE-%D1%81%D0%B5-%D0%B7%D0%B3%D0%BE%D0%BB%D0%B5%D0%BC%D0%B8-%D0%BD%D0%B0-24
69	20820980	2026-09-10T19:50	ar	IR	arabic.rt.com	روسيا: نرفض استخدام مجلس الأمن لتصفية الحسابات السياسية مع إيران وندعو الغرب إلى وقف التصعيد	https://arabic.rt.com/world/1830852-%D8%B1%D9%88%D8%B3%D9%8A%D8%A7-%D9%86%D8%B1%D9%81%D8%B6-%D8%A7%D8%B3%D8%AA%D8%AE%D8%AF%D8%A7%D9%85-%D9%85%D8%AC%D9%84%D8%B3-%D8%A7%D9%84%D8%A3%D9%85%D9%86-%D9%84%D8%AA%D8%B5%D9%81%D9%8A%D8%A9-%D8%A7%D9%84%D8%AD%D8%B3%D8%A7%D8%A8%D8%A7%D8%AA-%D8%A7%D9%84%D8%B3%D9%8A%D8%A7%D8%B3%D9%8A%D8%A9-%D9%85%D8%B9-%D8%A5%D9%8A%D8%B1%D8%A7%D9%86-%D9%88%D9%86%D8%AF%D8%B9%D9%88-%D8%A7%D9%84%D8%BA%D8%B1%D8%A8-%D8%A5%D9%84%D9%89-%D9%88%D9%82%D9%81-%D8%A7%D9%84%D8%AA%D8%B5%D8%B9%D9%8A%D8%AF/
70	20805382	2026-09-10T19:32	en	IR	jpost.com	Trump taunts Tehran, wants Strait of Hormuz renamed after himself	https://www.jpost.com/middle-east/iran-news/article-908325
71	20820256	2026-09-10T19:29	en	IR	royanews.tv	الحرس الثوري الإيراني يعلن استهداف زورق أمريكي غير مأهول في مضيق هرمز	https://royanews.tv/news/394584
72	20818629	2026-09-10T19:15	en	IR	perthnow.com.au	Iran attack on Jordan 'damaged' US military aircraft	https://www.perthnow.com.au/news/conflict/iran-attack-on-jordan-damaged-us-military-aircraft-c-22853655
73	20819697	2026-09-10T19:10	tr	IR	aa.com.tr	Netanyahu, “daha fazlası kapıda” sözleriyle İran ve Hizbullah’ı tehdit etti	https://www.aa.com.tr/tr/dunya/netanyahu-daha-fazlasi-kapida-sozleriyle-iran-ve-hizbullah-i-tehdit-etti/4053698
74	20816030	2026-09-10T18:45	en	IR	latintimes.com	Trump Advisers Privately Warn Iran War Could Last Beyond His Presidency: Report	https://www.latintimes.com/trump-advisers-privately-warn-iran-war-could-last-beyond-his-presidency-report-599138
75	20816562	2026-09-10T18:45	en	IR	ynetnews.com	IAEA detects new activity at Iran's fortified Pickaxe Mountain nuclear site	https://www.ynetnews.com/article/sjnoqelkme
76	20815354	2026-09-10T18:30	en	IR	theepochtimes.com	Iran Is Referred to UN Security Council Over Nuclear Breaches	https://www.theepochtimes.com/world/iran-is-referred-to-un-security-council-over-nuclear-breaches-6085628
77	20814939	2026-09-10T18:30	en	IR	pakistantoday.com.pk	IAEA reports Iran to UN Security Council	https://www.pakistantoday.com.pk/2026/09/10/iaea-reports-iran-to-un-security-council-over-nuclear-obligations
78	20815463	2026-09-10T18:30	en	IR	wccbcharlotte.com	Trump says oil prices that spiked because of Iran war likely won't come down until after midterms	https://www.wccbcharlotte.com/2026/09/10/trump-says-oil-prices-that-spiked-because-of-iran-war-likely-wont-come-down-until-after-midterms/
79	20818031	2026-09-10T18:27	sk	SK	aktuality.sk	Kanada posilní protivzdušnú obranu Ukrajiny. Zelenskyj hovorí o kľúčovej pomoci	https://www.aktuality.sk/clanok/3rIkaDz/kanada-posilni-protivzdusnu-obranu-ukrajiny-zelenskyj-hovori-o-klucovej-pomoci/
80	20799617	2026-09-10T17:52	en	IR	jpost.com	IAEA's Grossi says Iranian Pickaxe Mountain seeing new construction activity - report	https://www.jpost.com/middle-east/iran-news/article-908299
81	20813604	2026-09-10T17:30	tr	IR	cumhuriyet.com.tr	Trump’tan İran savaşı için yeni açıklama: 'Belki seçimlerden önce biter'	https://www.cumhuriyet.com.tr/turkiye/trump-tan-iran-savasi-icin-yeni-aciklama-belki-secimlerden-once-biter-2536540
82	20813180	2026-09-10T17:14	ar	IR	arabic.rt.com	تسنيم: الحرس الثوري الإيراني يستهدف زورقا بحريا أمريكيا في مضيق هرمز	https://arabic.rt.com/world/1830855-%D8%AA%D8%B3%D9%86%D9%8A%D9%85-%D8%A7%D9%84%D8%AD%D8%B1%D8%B3-%D8%A7%D9%84%D8%AB%D9%88%D8%B1%D9%8A-%D8%A7%D9%84%D8%A5%D9%8A%D8%B1%D8%A7%D9%86%D9%8A-%D9%8A%D8%B3%D8%AA%D9%87%D8%AF%D9%81-%D8%B2%D9%88%D8%B1%D9%82%D8%A7-%D8%A8%D8%AD%D8%B1%D9%8A%D8%A7-%D8%A3%D9%85%D8%B1%D9%8A%D9%83%D9%8A%D8%A7-%D9%81%D9%8A-%D9%85%D8%B6%D9%8A%D9%82-%D9%87%D8%B1%D9%85%D8%B2/
83	20809514	2026-09-10T17:14	ar	IR	arabic.rt.com	تسنيم: الحرس الثوري الإيراني يستهدف زورقا بحريا أمريكية في مضيق هرمز	https://arabic.rt.com/world/1830855-%D8%AA%D8%B3%D9%86%D9%8A%D9%85-%D8%A7%D9%84%D8%AD%D8%B1%D8%B3-%D8%A7%D9%84%D8%AB%D9%88%D8%B1%D9%8A-%D8%A7%D9%84%D8%A5%D9%8A%D8%B1%D8%A7%D9%86%D9%8A-%D9%8A%D8%B3%D8%AA%D9%87%D8%AF%D9%81-%D9%85%D8%B3%D9%8A%D8%B1%D8%A9-%D8%A8%D8%AD%D8%B1%D9%8A%D8%A9-%D8%A3%D9%85%D8%B1%D9%8A%D9%83%D9%8A%D8%A9-%D9%81%D9%8A-%D9%85%D8%B6%D9%8A%D9%82-%D9%87%D8%B1%D9%85%D8%B2/
84	20800964	2026-09-10T15:23	en	IR	lemmy/worldnews@lemmy.ml	Multiple U.S. military aircraft damaged in Iranian strikes on military base in Jordan, sources say	https://lemmy.ml/post/52551557
85	20798517	2026-09-10T15:00	en	IR	israelnationalnews.com	IAEA confirms signs of activity at Iran's Pickaxe Mountain nuclear site	https://www.israelnationalnews.com/flashes/693353
86	20795694	2026-09-10T14:30	en	IR	worthynews.com	Iran Referred To U.N. Security Council As Nuclear Watchdog Demands Answers	https://www.worthynews.com/117426-iran-referred-to-u-n-security-council-as-nuclear-watchdog-demands-answers
87	20791518	2026-09-10T14:00	en	KP	jpost.com	IAEA exposes secret new Pyonyang's uranium plant built to boost warheads	http://www.jpost.com/international/article-908265
88	20791369	2026-09-10T13:45	en	IR	iranherald.com	US warplanes damaged in Iranian strike on key airbase  CBS	http://www.iranherald.com/news/279298166/us-warplanes-damaged-in-iranian-strike-on-key-airbase-cbs
89	20791236	2026-09-10T13:45	en	IR	iranherald.com	US warplanes damaged in Iranian strike on key airbase	http://www.iranherald.com/news/279298178/us-warplanes-damaged-in-iranian-strike-on-key-airbase-cbs
90	20787941	2026-09-10T13:30	en	JO	jordantimes.com	Jordan sends 13th humanitarian aid convoy to Lebanon	https://jordantimes.com/news/local/jordan-sends-13th-humanitarian-aid-convoy-to-lebanon
91	20787099	2026-09-10T13:00	en	IR	theepochtimes.com	Trump Warns Iran Over Pickaxe Mountain, Cites Reported Activity at Nuclear Site	https://www.theepochtimes.com/us/trump-warns-iran-over-pickaxe-mountain-cites-reported-activity-at-nuclear-site-6085585
92	20783817	2026-09-10T12:45	en	IR	gulfnews.com	Pentagon Weighs Strike Options for Iran's Deepest Nuclear Sites as Construction Surges at Natanz Pickaxe Mountain	https://gulfnews.com/world/mena/pentagon-explores-options-for-irans-deepest-nuclear-sites-report-1.500669267
93	20783357	2026-09-10T12:30	en	IR	ksby.com	Trump says Iran War will end after the midterm elections	https://www.ksby.com/us-news/iran-war/trump-says-iran-war-will-end-after-the-midterm-elections
94	20789433	2026-09-10T12:26	tr	IR	aa.com.tr	İran Cumhurbaşkanı Pezeşkiyan: Yakıt tasarrufu kapsamında devlete ait konferans salonları kapatılacak	https://www.aa.com.tr/tr/dunya/iran-cumhurbaskani-pezeskiyan-yakit-tasarrufu-kapsaminda-devlete-ait-konferans-salonlari-kapatilacak/4053234
95	20778752	2026-09-10T11:15	en	IL	dmnews.com	UAE president warned Netanyahu of a major Hamas operation days before October 7, Haaretz reports	https://dmnews.com/dmn-uae-president-warned-netanyahu-of-a-major-hamas-operation-days-before-october-7-haaretz-reports/
96	20778216	2026-09-10T11:15	en	IR	ktbb.com	Trump says oil prices that spiked because of Iran war likely won't come down until after midterms – KTBB News, Weather, Talk	https://ktbb.com/post/?p=1539998
97	20778453	2026-09-10T11:15	en	IR	aa.com.tr	Brent crude trades above $100 as US-Iran tensions fuel supply concerns	https://aa.com.tr/en/economy/brent-crude-trades-above-100-as-us-iran-tensions-fuel-supply-concerns/4052796
98	20775396	2026-09-10T10:45	en	IR	presstv.co.uk	US sanctions on 27 Iranian airlines constitute economic terrorism: Irans UN envoy	https://www.presstv.co.uk/Detail/2026/09/10/776009/Iran-US-sanctions-aviation
99	20774842	2026-09-10T10:30	en	IR	europesun.com	Trump: Iran War Will End 'Immediately' After US Midterm Elections	http://www.europesun.com/news/279297857/trump-iran-war-will-end-immediately-after-us-midterm-elections
100	20828515	2026-09-10T10:06	ar	SA	al_madina	ارتفاع أسعار الذهب بفضل ضعف الدولار	https://www.al-madina.com/article/1004783/%D8%A7%D9%82%D8%AA%D8%B5%D8%A7%D8%AF/%D8%A7%D8%B1%D8%AA%D9%81%D8%A7%D8%B9-%D8%A3%D8%B3%D8%B9%D8%A7%D8%B1-%D8%A7%D9%84%D8%B0%D9%87%D8%A8-%D8%A8%D9%81%D8%B6%D9%84-%D8%B6%D8%B9%D9%81-%D8%A7%D9%84%D8%AF%D9%88%D9%84%D8%A7%D8%B1
101	20772556	2026-09-10T09:45	ar	SA	arabic.rt.com	تباطؤ تراجع الإنتاج الصناعي السعودي في يوليو إلى أدنى وتيرة خلال أربعة أشهر	https://arabic.rt.com/business/1830701-%D8%AA%D8%A8%D8%A7%D8%B7%D8%A4-%D8%AA%D8%B1%D8%A7%D8%AC%D8%B9-%D8%A7%D9%84%D8%A5%D9%86%D8%AA%D8%A7%D8%AC-%D8%A7%D9%84%D8%B5%D9%86%D8%A7%D8%B9%D9%8A-%D8%A7%D9%84%D8%B3%D8%B9%D9%88%D8%AF%D9%8A-%D9%81%D9%8A-%D9%8A%D9%88%D9%84%D9%8A%D9%88-%D8%A5%D9%84%D9%89-%D8%A3%D8%AF%D9%86%D9%89-%D9%88%D8%AA%D9%8A%D8%B1%D8%A9-%D8%AE%D9%84%D8%A7%D9%84-%D8%A3%D8%B1%D8%A8%D8%B9%D8%A9-%D8%A3%D8%B4%D9%87%D8%B1/
102	20772574	2026-09-10T09:40	en	IR	sputnikglobe.com	Iranian Strikes Damage US Aircraft at Key Air Base in Jordan - Report	https://sputnikglobe.com/20260910/iranian-strikes-damage-us-aircraft-at-key-air-base-in-jordan---report-1124710184.html
103	20770420	2026-09-10T09:15	en	IR	newstodaynet.com	US warplanes damaged in Iranian strike on Jordan base - News Today	https://newstodaynet.com/2026/09/10/us-warplanes-damaged-in-iranian-strike-on-jordan-base/
104	20770778	2026-09-10T09:15	en	IR	theadvocate.com.au	Trump says Iran war will end after US midterm elections	https://www.theadvocate.com.au/story/9347382/trump-says-iran-war-will-end-after-us-midterm-elections/
105	20770102	2026-09-10T09:15	en	IR	tribune.com.pk	Trump advisers warn Iran war could last years: report	https://tribune.com.pk/story/2628498/trump-advisers-warn-iran-war-could-last-years-report
106	20770844	2026-09-10T09:15	en	IR	iranherald.com	"We'll call it Trump Strait; Iranian leadership will be thrilled": US President Donald Trump	http://www.iranherald.com/news/279297783/well-call-it-trump-strait-iranian-leadership-will-be-thrilled-us-president-donald-trump
107	20770822	2026-09-10T09:15	en	IR	bnn-news.com	Trump: Iran war will end immediately after midterm elections	https://bnn-news.com/trump-iran-war-will-end-immediately-after-midterm-elections-283626
108	20771468	2026-09-10T09:12	fa	IR	irna.ir	اجرای محدودیت ترافیکی در آزادراه تهران - شمال و جاده کندوان	https://www.irna.ir/news/86260281/%D8%A7%D8%AC%D8%B1%D8%A7%DB%8C-%D9%85%D8%AD%D8%AF%D9%88%D8%AF%DB%8C%D8%AA-%D8%AA%D8%B1%D8%A7%D9%81%DB%8C%DA%A9%DB%8C-%D8%AF%D8%B1-%D8%A2%D8%B2%D8%A7%D8%AF%D8%B1%D8%A7%D9%87-%D8%AA%D9%87%D8%B1%D8%A7%D9%86-%D8%B4%D9%85%D8%A7%D9%84-%D9%88-%D8%AC%D8%A7%D8%AF%D9%87-%DA%A9%D9%86%D8%AF%D9%88%D8%A7%D9%86
109	20770981	2026-09-10T09:01	en	IR	rt.com	US warplanes damaged in Iranian strike on key airbase – CBS	https://www.rt.com/news/645379-us-warplanes-damaged-jordan/?utm_source=rss&utm_medium=rss&utm_campaign=RSS
110	20768723	2026-09-10T08:46	tr	IR	cumhuriyet.com.tr	ABD’de Huawei davası başladı: Ticari sır ve İran suçlamaları gündemde	https://www.cumhuriyet.com.tr/dunya/abd-de-huawei-davasi-basladi-ticari-sir-ve-iran-suclamalari-gundemde-2536398
111	20767846	2026-09-10T08:45	en	IR	chronicle.lu	Iran, US Strike Tankers in Biggest Shipping Attacks Since War Began	https://www.chronicle.lu/category/international/63282-iran-us-strike-tankers-in-biggest-shipping-attacks-since-war-began
112	20767241	2026-09-10T08:30	en	IR	heraldgoa.in	Trump Predicts Iran War Will End Immediately After US Midterm Elections	https://www.heraldgoa.in/goa/trump-predicts-iran-war-will-end-immediately-after-us-midterm-elections/488345/
113	20766936	2026-09-10T08:30	en	KP	thechronicle.com.gh	N Korea has built two-storey uranium enrichment facility, says watchdog	https://thechronicle.com.gh/n-korea-has-built-two-storey-uranium-enrichment-facility-says-watchdog/
114	20766881	2026-09-10T08:30	en	IR	wsau.com	Trump says activity seen at Iran's Pickaxe Mountain, urges Tehran 'not to get cute' | WSAU News/Talk 550 AM · 99.9 FM	https://wsau.com/2026/09/09/trump-says-activity-seen-at-irans-pickaxe-mountain-urges-tehran-not-to-get-cute/
115	20764391	2026-09-10T08:15	en	IR	thenationonlineng.net	Iran, U.S. hit tankers in biggest wave of attacks on shipping since war began	https://thenationonlineng.net/iran-u-s-hit-tankers-in-biggest-wave-of-attacks-on-shipping-since-war-began/
116	20764918	2026-09-10T08:15	en	JO	news.az	Iranian attacks reportedly damage several U.S. fighter jets at base in Jordan	https://news.az/news/iranian-attacks-reportedly-damage-several-us-fighter-jets-at-base-in-jordan
117	20764248	2026-09-10T08:00	en	KP	nknews.org	Russia slams U.N. watchdog for reporting on North Korean nuclear facility	https://www.nknews.org/2026/09/russia-slams-u-n-watchdog-for-reporting-on-north-korean-nuclear-facility/
118	20763744	2026-09-10T08:00	en	KP	cnn.com	North Korea builds new Yongbyon uranium enrichment facility, IAEA says	https://edition.cnn.com/2026/09/10/asia/north-korea-iaea-nuclear-enrichment-hnk-intl
119	20761695	2026-09-10T07:30	en	IR	prokerala.com	Brent crude holds above $100 as US-Iran conflict threatens deeper oil supply disruption	https://www.prokerala.com/news/articles/a1810544.html
120	20761399	2026-09-10T07:30	en	IR	webindia123.com	Well call it Trump Strait; Iranian leadership will be thrilled: US President Donald Trump	https://news.webindia123.com/news/Articles/World/20260910/4496729.html
121	20760401	2026-09-10T07:15	en	IR	samaa.tv	Iranian strikes damage several US aircraft in Jordan	https://www.samaa.tv/2087356523-iranian-strikes-damage-multiple-us-aircraft-in-jordan
122	20762296	2026-09-10T07:15	tr	IR	cumhuriyet.com.tr	Trump’ın danışmanlarından İran uyarısı: Savaş yıllarca devam edebilir	https://www.cumhuriyet.com.tr/dunya/trump-in-danismanlarindan-iran-uyarisi-savas-yillarca-devam-edebilir-2536358
123	20760266	2026-09-10T06:51	en	MK	mia.mk	Најмалку седум лица повредени во руски напади врз Криви Рог и Изјум	https://mia.mk/story/%D0%BD%D0%B0%D1%98%D0%BC%D0%B0%D0%BB%D0%BA%D1%83-%D1%81%D0%B5%D0%B4%D1%83%D0%BC-%D0%BB%D0%B8%D1%86%D0%B0-%D0%BF%D0%BE%D0%B2%D1%80%D0%B5%D0%B4%D0%B5%D0%BD%D0%B8-%D0%B2%D0%BE-%D1%80%D1%83%D1%81%D0%BA%D0%B8-%D0%BD%D0%B0%D0%BF%D0%B0%D0%B4%D0%B8-%D0%B2%D1%80%D0%B7-%D0%BA%D1%80%D0%B8%D0%B2%D0%B8-%D1%80%D0%BE%D0%B3-%D0%B8-%D0%B8%D0%B7%D1%98%D1%83%D0%BC
124	20759050	2026-09-10T06:43	en	IR	en.irna.ir	Iran condemns US sanctions on 27 Iranian airlines as ‘economic terrorism’	https://en.irna.ir/news/86260146/Iran-condemns-US-sanctions-on-27-Iranian-airlines-as-economic
125	20759431	2026-09-10T06:38	ar	IR	dw.com	تضرر مقاتلات أمريكية في ضربات إيرانية استهدفت قاعدة جوية في الأردن	https://www.dw.com/ar/تضرر-مقاتلات-أمريكية-في-ضربات-إيرانية-استهدفت-قاعدة-جوية-في-الأردن/live-79209074?maca=ara-rss-ar-all-1125-xml-mrss
126	20759055	2026-09-10T06:17	ar	IR	bbc.com	إيران تعلن استهداف سفن قرب هرمز وتوسّع "منطقة الحظر"، وتقارير عن أضرار طفيفة لحقت بطائرات أمريكية في الأردن	https://www.bbc.com/arabic/articles/c207zr7953zo?at_medium=RSS&at_campaign=rss
127	20758521	2026-09-10T06:07	en	MK	mia.mk	Осуммина повредени во напад со поморски дронови во руското летувалиште Сочи	https://mia.mk/story/%D0%BE%D1%81%D1%83%D0%BC%D0%BC%D0%B8%D0%BD%D0%B0-%D0%BF%D0%BE%D0%B2%D1%80%D0%B5%D0%B4%D0%B5%D0%BD%D0%B8-%D0%B2%D0%BE-%D0%BD%D0%B0%D0%BF%D0%B0%D0%B4-%D1%81%D0%BE-%D0%BF%D0%BE%D0%BC%D0%BE%D1%80%D1%81%D0%BA%D0%B8-%D0%B4%D1%80%D0%BE%D0%BD%D0%BE%D0%B2%D0%B8-%D0%B2%D0%BE-%D1%80%D1%83%D1%81%D0%BA%D0%BE%D1%82%D0%BE-%D0%BB%D0%B5%D1%82%D1%83%D0%B2%D0%B0%D0%BB%D0%B8%D1%88%D1%82%D0%B5-%D1%81%D0%BE%D1%87%D0%B8
128	20756703	2026-09-10T06:00	en	IR	wandtv.com	Trump: Oil prices likely won't come down until after midterms as Iran war continues	https://www.wandtv.com/2026/09/09/trump-oil-prices-likely-wont-come-down-until-after-midterms-iran-war-continues/
129	20757280	2026-09-10T06:00	en	IR	thehindubusinessline.com	'We'll call it Trump Strait; Iranian leadership will be thrilled': US President Donald Trump	https://www.thehindubusinessline.com/news/world/well-call-it-trump-strait-iranian-leadership-will-be-thrilled-us-president-donald-trump/article71450142.ece
130	20757179	2026-09-10T06:00	en	IR	thehindubusinessline.com	Brent crude oil price stays above $100 as US-Iran tensions escalate	https://www.thehindubusinessline.com/markets/commodities/brent-crude-oil-price-stays-above-100-as-us-iran-tensions-escalate/article71450162.ece
131	20756783	2026-09-10T06:00	en	IR	jpost.com	US military aircraft damaged in strikes on Jordan base	http://www.jpost.com/middle-east/iran-news/article-908179
132	20757340	2026-09-10T06:00	en	IR	moneycontrol.com	"Don't get cute": Donald Trump warns Iran over Pickaxe Mountain, threatens major US strike	https://www.moneycontrol.com/world/don-t-get-cute-donald-trump-warns-iran-over-pickaxe-mountain-threatens-major-us-strike-article-14026729.html
133	20745691	2026-09-10T05:48	en	IR	jpost.com	Iran's Pickaxe Mountain nuclear site sees surge in construction activity, analysts say - report	https://www.jpost.com/middle-east/iran-news/article-908107
134	20757826	2026-09-10T05:46	fa	IR	irna.ir	ترافیک سنگین در محور چالوس و آزادراه قزوین–کرج / بارش پراکنده و مه‌گرفتگی در محورهای شمالی	https://www.irna.ir/news/86260099/%D8%AA%D8%B1%D8%A7%D9%81%DB%8C%DA%A9-%D8%B3%D9%86%DA%AF%DB%8C%D9%86-%D8%AF%D8%B1-%D9%85%D8%AD%D9%88%D8%B1-%DA%86%D8%A7%D9%84%D9%88%D8%B3-%D9%88-%D8%A2%D8%B2%D8%A7%D8%AF%D8%B1%D8%A7%D9%87-%D9%82%D8%B2%D9%88%DB%8C%D9%86-%DA%A9%D8%B1%D8%AC-%D8%A8%D8%A7%D8%B1%D8%B4-%D9%BE%D8%B1%D8%A7%DA%A9%D9%86%D8%AF%D9%87
135	20754847	2026-09-10T05:30	en	IR	capitalfm.africa	Iran referred to UN Security Council for nuclear non-compliance	https://capitalfm.africa/iran-referred-to-un-security-council-for-nuclear-non-compliance/
136	20756630	2026-09-10T05:22	en	MK	mia.mk	Петмина загинати, 87 исчезнати во пожар на траект на Филипините	https://mia.mk/story/%D0%BF%D0%B5%D1%82%D0%BC%D0%B8%D0%BD%D0%B0-%D0%B7%D0%B0%D0%B3%D0%B8%D0%BD%D0%B0%D1%82%D0%B8-87-%D0%B8%D1%81%D1%87%D0%B5%D0%B7%D0%BD%D0%B0%D1%82%D0%B8-%D0%B2%D0%BE-%D0%BF%D0%BE%D0%B6%D0%B0%D1%80-%D0%BD%D0%B0-%D1%82%D1%80%D0%B0%D0%B5%D0%BA%D1%82-%D0%BD%D0%B0-%D1%84%D0%B8%D0%BB%D0%B8%D0%BF%D0%B8%D0%BD%D0%B8%D1%82%D0%B5
137	20754470	2026-09-10T05:15	en	IR	thedailystar.net	Trump says activity seen at Iran's Pickaxe Mountain, urges Tehran 'not to get cute'	https://www.thedailystar.net/news/world/news/trump-says-activity-seen-irans-pickaxe-mountain-urges-tehran-not-get-cute-4269286
138	20756628	2026-09-10T05:13	en	MK	mia.mk	Оштетени американски воени авиони при иранскиот напад врз база во Јордан	https://mia.mk/story/%D0%BE%D1%88%D1%82%D0%B5%D1%82%D0%B5%D0%BD%D0%B8-%D0%B0%D0%BC%D0%B5%D1%80%D0%B8%D0%BA%D0%B0%D0%BD%D1%81%D0%BA%D0%B8-%D0%B2%D0%BE%D0%B5%D0%BD%D0%B8-%D0%B0%D0%B2%D0%B8%D0%BE%D0%BD%D0%B8-%D0%BF%D1%80%D0%B8-%D0%B8%D1%80%D0%B0%D0%BD%D1%81%D0%BA%D0%B8%D0%BE%D1%82-%D0%BD%D0%B0%D0%BF%D0%B0%D0%B4-%D0%B2%D1%80%D0%B7-%D0%B1%D0%B0%D0%B7%D0%B0-%D0%B2%D0%BE-%D1%98%D0%BE%D1%80%D0%B4%D0%B0%D0%BD
139	20752696	2026-09-10T05:00	en	IR	business-standard.com	Iran conflict will end 'immediately' after US midterm elections: Trump	https://www.business-standard.com/world-news/iran-conflict-will-end-immediately-after-us-midterm-elections-trump-126091000055_1.html
140	20752137	2026-09-10T05:00	en	IR	dunyanews.tv	IAEA escalates Iran nuclear dispute with first Security Council referral in 20 years	https://dunyanews.tv/en/World/972178-iaea-escalates-iran-nuclear-dispute-with-first-security-council-referr
141	20752702	2026-09-10T05:00	en	IR	indiatimes.com	Trump doubles down on 'Trump Strait' plan for Hormuz, says Iran will be 'thrilled'	https://economictimes.indiatimes.com/news/international/global-trends/trump-proposes-trump-strait-name-change-for-hormuz-claims-iran-will-be-thrilled/articleshow/133993107.cms
142	20743194	2026-09-10T04:55	en	JO	jpost.com	US military aircraft damaged in strikes on Muwaffaq Salti Air Base in Jordan	https://www.jpost.com/middle-east/iran-news/article-908179
143	20754007	2026-09-10T04:49	en	IR	lemmy/news@lemmy.world	Brent crude surpasses $100 a barrel as Iran, US escalate attacks	https://lemmy.world/post/51742352
144	20751568	2026-09-10T04:45	en	IR	arynews.tv	US and Iran hit tankers in biggest wave of attacks on shipping	https://arynews.tv/us-and-iran-hit-tankers-in-biggest-wave-of-attacks-on-shipping
145	20755479	2026-09-10T04:36	ar	IR	france24.com	مباشر: تعرض عدة طائرات عسكرية أمريكية لأضرار جراء ضربات إيرانية وترامب يحذر طهران من "التهور"	https://www.france24.com/ar/%D8%A7%D9%84%D8%B4%D8%B1%D9%82-%D8%A7%D9%84%D8%A3%D9%88%D8%B3%D8%B7/20260910-%D9%85%D8%A8%D8%A7%D8%B4%D8%B1-%D8%A5%D8%B3%D8%B1%D8%A7%D8%A6%D9%8A%D9%84-%D8%A5%D9%8A%D8%B1%D8%A7%D9%86-%D8%A7%D9%84%D9%88%D9%84%D8%A7%D9%8A%D8%A7%D8%AA-%D8%A7%D9%84%D9%85%D8%AA%D8%AD%D8%AF%D8%A9-%D9%84%D8%A8%D9%86%D8%A7%D9%86-%D8%A7%D9%84%D8%B3%D8%B9%D9%88%D8%AF%D9%8A%D8%A9-%D8%A7%D9%84%D8%A3%D9%85%D9%85-%D8%A7%D9%84%D9%85%D8%AA%D8%AD%D8%AF%D8%A9-%D8%BA%D8%B2%D8%A9-%D8%A8%D8%B1%D9%8A%D8%B7%D8%A7%D9%86%D9%8A%D8%A7
146	20750100	2026-09-10T04:15	en	IR	iranherald.com	Iran and US strike tankers in biggest shipping attack since war began	http://www.iranherald.com/news/279296964/iran-and-us-strike-tankers-in-biggest-shipping-attack-since-war-began
147	20750075	2026-09-10T04:15	en	IR	newstodaynet.com	Trump Says Iran War Will End 'Immediately' After US Midterm Votes - News Today	https://newstodaynet.com/2026/09/10/trump-says-iran-war-will-end-immediately-after-us-midterm-votes/
148	20750341	2026-09-10T04:06	ar	IR	arabic.rt.com	ترامب يهدد بضرب موقع "جبل الفأس" النووي في إيران ويحذر طهران من "التذاكي"	https://arabic.rt.com/world/1830596-%D8%AA%D8%B1%D8%A7%D9%85%D8%A8-%D9%8A%D9%87%D8%AF%D8%AF-%D8%A8%D8%B6%D8%B1%D8%A8-%D9%85%D9%88%D9%82%D8%B9-%D8%AC%D8%A8%D9%84-%D8%A7%D9%84%D9%81%D8%A3%D8%B3-%D8%A7%D9%84%D9%86%D9%88%D9%88%D9%8A-%D9%81%D9%8A-%D8%A5%D9%8A%D8%B1%D8%A7%D9%86-%D9%88%D9%8A%D8%AD%D8%B0%D8%B1-%D8%B7%D9%87%D8%B1%D8%A7%D9%86-%D9%85%D9%86-%D8%A7%D9%84%D8%AA%D8%B0%D8%A7%D9%83%D9%8A/
149	20749583	2026-09-10T04:00	en	IR	gdnonline.com	World News: IAEA reports Tehran to UN Security Council	https://www.gdnonline.com:443/Details/1405942
150	20749536	2026-09-10T04:00	en	IR	indiatimes.com	Trump's top advisors warn him Iran war could drag through end of his term: Report	https://timesofindia.indiatimes.com/world/middle-east/trumps-top-advisors-warn-him-iran-war-could-drag-through-end-of-his-term-report/articleshow/133991247.cms
151	20749516	2026-09-10T04:00	en	IR	moneycontrol.com	Trump says Iran war will end after US midterms, oil prices to fall	https://www.moneycontrol.com/world/trump-says-iran-war-will-end-after-us-midterms-oil-prices-to-fall-article-14026543.html
152	20749500	2026-09-10T04:00	en	IR	politicaldog101.com	Iran…Trump…War/Conflict…Evening…9/9/2026….Russia and China ARE supplying Iran w/Arms and Intel….	https://politicaldog101.com/2026/09/irantrumpwar-conflictevening9-9-2026-russia-and-china-are-supplying-iran-w-arms-and-intel/
153	20749406	2026-09-10T04:00	en	IR	moneycontrol.com	Days after Trump threatens strike, Iran's Pickaxe Mountain sees construction surge	https://www.moneycontrol.com/world/days-after-trump-threatens-strike-iran-s-pickaxe-mountain-sees-construction-surge-article-14026708.html
154	20748770	2026-09-10T03:37	en	IR	lemmy/us_news@lemmy.world	Trump threatens to rename the Strait of Hormuz 'Trump Strait' so he can 'get something out of war in Iran	https://lemmy.world/post/51740280
155	20746712	2026-09-10T03:30	en	IR	aa.com.tr	Several US fighter jets damaged in Iranian strikes on Jordan: Report	https://aa.com.tr/en/americas/several-us-fighter-jets-damaged-in-iranian-strikes-on-jordan-report/4052699
156	20746972	2026-09-10T03:30	en	IR	aa.com.tr	Trump says US will call Strait of Hormuz 'Trump Strait'	https://aa.com.tr/en/americas/trump-says-us-will-call-strait-of-hormuz-trump-strait-/4052697
157	20746863	2026-09-10T03:30	en	IR	israelnationalnews.com	Trump warns Iran over Pickaxe activity: We will have to hit them very hard	https://www.israelnationalnews.com/flashes/693319
158	20746710	2026-09-10T03:30	en	IR	israelnationalnews.com	Trump: Strait of Hormuz should be renamed the 'Trump Strait'	https://www.israelnationalnews.com/flashes/693317
159	20748348	2026-09-10T03:27	en	IR	timesofindia.indiatimes.com	US suffered major aircraft losses after Iran strike on Jordan base: Report	https://timesofindia.indiatimes.com/world/middle-east/us-suffered-major-aircraft-losses-after-iran-strike-on-jordan-base-report/articleshow/133992358.cms
160	20751419	2026-09-10T03:23	en	IR	ndtv.com	Several US War Planes Damaged In Iranian Strike On Jordan: Report	https://www.ndtv.com/world-news/several-us-war-planes-damaged-in-iranian-strike-on-jordan-report-12026179#publisher=newsstand
161	20745386	2026-09-10T03:00	en	IR	israelnationalnews.com	Report: Trump aides warn Iran war could last through end of his term	https://www.israelnationalnews.com/news/432979
162	20745482	2026-09-10T03:00	en	IR	thehindu.com	UN nuclear watchdog board reports Iran to UN Security Council for the first time in 20 years	https://www.thehindu.com/news/international/un-nuclear-watchdog-board-reports-iran-to-un-security-council-for-the-first-time-in-20-years/article71449985.ece
163	20745418	2026-09-10T03:00	en	KP	theyeshivaworld.com	NUCLEAR ALARM: North Korea Builds Second Uranium Enrichment Facility At Yongbyon	https://www.theyeshivaworld.com/news/general/2596151/nuclear-alarm-north-korea-builds-second-uranium-enrichment-facility-at-yongbyon.html
164	20745038	2026-09-10T03:00	en	IR	indiatimes.com	Trump claims Iran war will end 'immediately' after US midterm elections	https://economictimes.indiatimes.com/news/international/world-news/trump-predicts-iran-war-will-end-immediately-after-midterm-elections-amid-claims-of-nuclear-weapon-pursuit/articleshow/133991190.cms
165	20746192	2026-09-10T02:53	en	IR	timesofindia.indiatimes.com	Oil holds above $100 as Iran-US attacks threaten deeper supply disruption	https://timesofindia.indiatimes.com/business/international-business/oil-prices-today-brent-holds-above-100-as-iran-us-attacks-threaten-deeper-supply-disruption/articleshow/133991399.cms
166	20746212	2026-09-10T02:50	en	IR	tass.com	Several US warplanes damaged after Iranian strikes on Jordan — TV	https://tass.com/world/2185185
167	20745612	2026-09-10T02:45	en	IR	middleeasteye.net	Trump warns US may hit Pickaxe Mountain, urges Iran 'not to get cute'	https://www.middleeasteye.net/live-blog/live-blog-update/trump-warns-us-may-hit-pickaxe-mountain-urges-iran-not-get-cute
168	20744807	2026-09-10T02:45	en	IR	odt.co.nz	Iran, US hit tankers in biggest wave of attacks since war began	https://www.odt.co.nz/news/world/iran-us-hit-tankers-in-biggest-wave-of-attacks-since-war-began-yh7rbfgh
169	20744602	2026-09-10T02:45	en	IR	punchng.com	Oil prices cross $100 as US-Iran conflict intensifies	https://punchng.com/oil-prices-cross-100-as-us-iran-conflict-intensifies/
170	20744501	2026-09-10T02:45	en	IR	business-standard.com	Oil prices cross $100 as Iran-US attacks deepen crude supply fears	https://www.business-standard.com/markets/commodities/oil-prices-cross-100-as-iran-us-attacks-deepen-crude-supply-fears-126091000096_1.html
171	20744470	2026-09-10T02:45	en	IR	koaa.com	Trump says Iran War will end after the midterm elections	https://www.koaa.com/us-news/iran-war/trump-says-iran-war-will-end-after-the-midterm-elections
172	20742895	2026-09-10T02:30	en	IR	deccanchronicle.com	Trump Says Iran War Will End After US Midterm Elections	https://www.deccanchronicle.com/west-asia/trump-says-iran-war-will-end-after-us-midterm-elections-1986282
173	20746491	2026-09-10T02:28	en	IR	ndtv.com	"Surge In Construction" Seen At Iran's Suspected Nuke Site At Pickaxe Mountain: Report	https://www.ndtv.com/world-news/surge-in-construction-seen-at-irans-suspected-nuke-site-at-pickaxe-mountain-report-12026096#publisher=newsstand
174	20743888	2026-09-10T02:21	en	IR	royanews.tv	مضيق ترمب.. الرئيس الأمريكي يقترح تغيير اسم مضيق هرمز ويؤكد انهيار إيران	https://royanews.tv/news/394509
175	20743487	2026-09-10T02:15	ru	IR	russian.rt.com	CBS: в результате ударов Ирана по Иордании повреждены несколько истребителей США	https://russian.rt.com/world/news/1680474-udar-iran-istrebiteli?utm_source=rss&utm_medium=rss&utm_campaign=RSS
176	20743134	2026-09-10T02:14	en	IR	middleeasteye.net	Iranian strikes on Jordan base damaged several US aircraft, CBS reporter says	https://www.middleeasteye.net/live-blog/live-blog-update/iranian-strikes-jordan-base-damaged-several-us-aircraft-cbs-reporter
177	20744090	2026-09-10T02:08	en	JO	lemmy/world_news@lemmy.world	Multiple US military aircraft suffered damage in overnight strikes on Jordan air base, CBS says	https://lemmy.world/post/51738872
178	20741865	2026-09-10T02:00	en	IR	weny.com	Global Oil Prices Exceed $100 per Barrel as Iran Conflict Continues	https://www.weny.com/news/washington-dc/global-oil-prices-exceed-100-per-barrel-as-iran-conflict-continues/article_86c884f9-7d3c-55fb-a16c-c6f97954f0d7.html
179	20740809	2026-09-10T01:45	en	IR	jcpost.com	Oil surges above $100 a barrel amid escalation of U.S., Iran war	https://jcpost.com/posts/447d5594-bfac-4f04-98d6-d0cfe7a4fbfd
180	20739703	2026-09-10T01:30	en	IR	yahoo.com	Trump: Iran conflict won't end until after midterms, gas prices will fall after that	https://www.yahoo.com/news/politics/articles/trump-iran-conflict-won-t-005042221.html
181	20739610	2026-09-10T01:30	en	IL	investmentwatchblog.com	UAE warned Netanyahu of major Hamas operation days before Oct. 7 attack, news report says	https://www.investmentwatchblog.com/uae-warned-netanyahu-of-major-hamas-operation-days-before-oct-7-attack-news-report-says/
182	20739859	2026-09-10T01:30	en	IR	businesstimes.com.sg	Trump advisers warn Iran conflict may last through end of his term, WSJ reports	https://www.businesstimes.com.sg/international/trump-advisers-warn-iran-conflict-may-last-through-end-his-term-wsj-reports
183	20739883	2026-09-10T01:30	en	IR	bostonherald.com	UN nuclear watchdog board reports Iran to the UN Security Council	https://www.bostonherald.com/2026/09/09/iran-nuclear-watchdog/
184	20739905	2026-09-10T01:30	en	IR	krcgtv.com	UN nuclear watchdog board reports Iran to UN Security Council for first time in 20 years	https://krcgtv.com/news/nation-world/un-nuclear-watchdog-board-reports-iran-to-un-security-council-for-first-time-in-20-years
185	20739929	2026-09-10T01:30	en	IR	krcgtv.com	Trump says spiking oil prices likely won't come down until after midterms	https://krcgtv.com/news/nation-world/trump-says-spiking-oil-prices-because-of-iran-war-wont-come-down-until-after-midterms
186	20740115	2026-09-10T01:30	en	IR	aol.com	Trump advisers warn Iran conflict may last through end of his term, WSJ reports	https://www.aol.com/articles/trump-advisers-warn-iran-conflict-234026000.html
187	20740862	2026-09-10T01:19	en	IR	middleeasteye.net	Oil prices breach $100 as Iran-US attacks escalate	https://www.middleeasteye.net/live-blog/live-blog-update/oil-prices-breach-100-iran-us-attacks-escalate
188	20739422	2026-09-10T01:06	en	IR	bluesky	Trump says oil prices that spiked because of Iran war likely won't come down until after midterms - WTOP News
->WTOP | More on "Trump administration Iran oil prices" at BigEarthData.ai | #IranWar	https://bsky.app/profile/did:plc:lc6hdhnjkgccd6ysi7e23pll/post/3mv4ue7x7xc22
189	20738124	2026-09-10T00:52	en	IR	middleeasteye.net	Trump advisers warn Iran conflict could stretch through his term, WSJ reports	https://www.middleeasteye.net/live-blog/live-blog-update/trump-advisers-warn-iran-conflict-could-stretch-through-his-term-wsj
190	20738058	2026-09-10T00:30	en	IR	adaderana.lk	Iran war will end right after November US midterm elections: Donald Trump	https://adaderana.lk/news/cmturg9ie0000356p95adyo42
191	20737669	2026-09-10T00:20	en	IR	stuff.co.nz	Trump says Iran war will end ‘immediately’ after US elections	https://www.stuff.co.nz/business/361031634/trump-says-oil-prices-spiked-because-iran-war-likely
192	20734249	2026-09-09T23:30	en	IR	aljazeera.com	Trump says Iran war 'will end immediately' after US midterm elections | US-Israel war on Iran News	https://www.aljazeera.com/news/2026/9/9/trump-says-iran-war-will-end-immediately-after-us-midterm-elections
193	20735788	2026-09-09T23:22	en	IR	aljazeera.com	Trump says the US-Iran war will end right after midterms	https://www.aljazeera.com/video/newsfeed/2026/9/9/trump-says-the-us-iran-war-will-end-right-after-midterms?traffic_source=rss
194	20733180	2026-09-09T23:04	en	IR	thehindu.com	Trump says Iran war will end right after U.S. midterm elections	https://www.thehindu.com/news/international/trump-says-iran-war-will-end-right-after-us-midterm-elections/article71449207.ece
195	20720967	2026-09-09T22:35	en	IR	jpost.com	IAEA passes resolution reporting Iran to UN for breaching non-proliferation obligations	https://www.jpost.com/middle-east/iran-news/article-908151
196	20736476	2026-09-09T22:29	en	IR	japantimes.co.jp	Iran and U.S. hit tankers in biggest wave of attacks on shipping since war began	https://www.japantimes.co.jp/news/2026/09/10/world/iran-us-tankers-attacks/
197	20732554	2026-09-09T22:24	en	IR	royanews.tv	المتحدث باسم الخارجية الإيرانية: جماعة الحوثي لا تتلقى الأوامر وليست وكيلا لأي جهة	https://royanews.tv/news/394500
198	20732183	2026-09-09T22:18	en	IR	freemalaysiatoday.com	Trump says Iran war will end right after US midterm elections	https://www.freemalaysiatoday.com/category/world/2026/09/10/trump-says-iran-war-will-end-right-after-us-midterm-elections
199	20730877	2026-09-09T22:15	en	IR	bbc.co.uk	Nuclear watchdog refers Iran to UN Security Council over 'non-compliance'	https://www.bbc.co.uk/news/articles/ckgwj4kl5lno
